ABW Aruba                                                                       
AFG Afghanistan                                                                 
AGO Angola                                                                      
AIA Anguilla                                                                    
ALA Aland Islands                                                               
ALB Albanie                                                                     
AND Andorre                                                                     
ANT Antilles Neerlandaises                                                      
APA Apatride                                                                    
ARE Emirats arabes unis                                                         
ARG Argentine                                                                   
ARM Armenie                                                                     
ASM Samoa americaines                                                           
ATA Antarctique                                                                 
ATF Terres australes francaises                                                 
ATG Antigua et Barbuda                                                          
AUS Australie                                                                   
AUT Autriche                                                                    
AZE Azerbaidjan                                                                 
BDI Burundi                                                                     
BEL Belgique                                                                       
BEN Benin                                                                       
BFA Burkina faso                                                                
BGD Bangladesh                                                                  
BGR Bulgarie                                                                    
BHR Bahrein                                                                     
BHS Bahamas                                                                     
BIH Bosnie Herzegovine                                                          
BLR Belarus                                                                     
BLZ Belize                                                                      
BMU Bermudes                                                                    
BOL Bolivie                                                                     
BRA Bresil                                                                      
BRB Barbade                                                                     
BRN Brunei Darussalam                                                           
BTN Bhoutan                                                                     
BVT Bouvet, ile                                                                 
BWA Botswana                                                                    
CAF Centrafricaine, Republique                                                  
CAN Canada                                                                      
CCK Cocos (Keeling), iles                                                       
CHE Suisse                                                                      
CHL Chili                                                                       
CHN Chine                                                                       
CIV Cote d'Ivoire                                                               
CMR Cameroun                                                                    
COD Congo, Democratic Republic                                        
COG Congo                                                                       
COK Cook, iles                                                                  
COL Colombie                                                                    
COM Comores                                                                     
CPV Cap-Vert                                                                    
CRI Costa rica                                                                  
CUB Cuba                                                                        
CXR Christmas, iles                                                             
CYM Caimanes, iles                                                              
CYP Chypre                                                                      
CZE Tcheque, republique                                                         
DEU Allemagne                                                                   
DJI Djibouti                                                                    
DMA Dominique                                                                   
DNK Danemark                                                                    
DOM Dominicaine, republique                                                     
DZA Algerie                                                                     
ECU Equateur                                                                    
EGY Egypte                                                                      
ERI Erythree                                                                    
ESH Sahara occidental                                                           
ESP Espagne                                                                     
EST Estonie                                                                     
ETH Ethiopie                                                                    
FIN Finlande                                                                    
FJI Fidji                                                                       
FLK Falkland, iles (Malvinas)                                                   
FRA France                                                                      
FRO Feroe, iles                                                                 
FSM Micronesie                                                
GAB Gabon                                                                       
GBR Royaume-uni                                                                 
GEO Georgie                                                                     
GGY Guernsey                                                                    
GHA Ghana                                                                       
GIB Gibraltar                                                                   
GIN Guinee                                                                      
GLP Guadeloupe                                                                  
GMB Gambie                                                                      
GNB Guinee-Bissau                                                               
GNQ Guinee equatoriale                                                          
GRC Grece                                                                       
GRD Grenade                                                                     
GRL Groenland                                                                   
GTM Guatemala                                                                   
GUF Guyane francaise                                                            
GUM Guam                                                                        
GUY Guyana                                                                      
HKG Hong-kong                                                                   
HMD Heard, ile et McDonald                                                
HND Honduras                                                                    
HRV Croatie                                                
HTI Haiti                                                                       
HUN Hongrie                                                                     
IDN Indonesie                                                                   
IMN Isle of Man                                                                 
IND Inde                                                                        
IOT Ocean indien, Territoire britannique                                  
IRL Irlande                                                                     
IRN Iran                                              
IRQ Iraq                                                                        
ISL Islande                                                                     
ISR Israel                                                                      
ITA Italie                                                                      
JAM Jamaique                                                                    
JEY Jersey                                                                      
JOR Jordanie                                                                    
JPN Japon                                                                       
KAZ Kazakhstan                                                                  
KEN Kenya                                                                       
KGZ Kirghizistan                                                                
KHM Cambodge                                                                    
KIR Kiribati                                                                    
KNA Saint Kitts and Nevis                                                       
KOR Coree                                                        
KWT Koweit                                                                      
LAO Lao                                      
LBN Liban                                                                       
LBR Liberia                                                                     
LBY Libyenne, Jamahiriya arabe                                                  
LCA Saint Lucia                                                                 
LIE Liechtenstein                                                               
LKA Sri Lanka                                                                   
LSO Lesotho                                                                     
LTU Lituanie                                                                    
LUX Luxembourg                                                                  
LVA Lettonie                                                                    
MAC Macao                                                                       
MAR Maroc                                                                       
MCO Monaco                                                                      
MDA Moldova                                                     
MDG Madagascar                                                                  
MDV Maldives                                                                    
MEX Mexique                                                                     
MHL Marshall, iles                                                              
MKD Macédoine                                    
MLI Mali                                                                        
MLT Malte                                                                       
MMR Myanmar                                                                     
MNE Montenegro                                                                  
MNG Mongolie                                                                    
MNP Mariannes du nord, iles                                                     
MOZ Mozambique                                                                  
MRT Mauritanie                                                                  
MSR Montserrat                                                                  
MTQ Martinique                                                                  
MUS Maurice                                                                     
MWI Malawi                                                                      
MYS Malaisie                                                                    
MYT Mayotte                                                                     
NAM Namibie                                                                     
NCL Nouvelle-Caledonie                                                          
NER Niger                                                                       
NFK Norfolk, ile                                                                
NGA Nigeria                                                                     
NIC Nicaragua                                                                   
NIU Niue                                                                        
NLD Pays-bas                                                                    
NOR Norvege                                                                     
NPL Nepal                                                                       
NRU Nauru                                                                       
NZL Nouvelle-Zelande                                                            
OMN Oman                                                                        
PAK Pakistan                                                                    
PAN Panama                                                                      
PCN Pitcairn                                                                    
PER Perou                                                                       
PHL Philippines                                                                 
PLW Palaos                                                                      
PNG Papouasie-Nouvelle-Guinee                                                   
POL Pologne                                                                     
PRI Porto Rico                                                                  
PRK Coree                              
PRT Portugal                                                                    
PRY Paraguay                                                                    
PSE Palestinian Territory, Occupied                                             
PYF Polynesie francaise                                                         
QAT Qatar                                                                       
REU Reunion                                                                     
ROU Romania                                                                     
RUS Russie                                                    
RWA Rwanda                                                                      
SAN Sans                                                                        
SAU Arabie saoudite                                                             
SDN Soudan                                                                      
SEN Senegal                                                                     
SGP Singapour                                                                   
SGS Georgie du sud et les iles Sandwich du sud                                  
SHN Sainte-Helene                                                               
SJM Svalbard et ile Jan Mayen                                                   
SLB Salomon, iles                                                               
SLE Sierra leone                                                                
SLV El Salvador                                                                 
SMR Saint-Marin                                                                 
SOM Somalie                                                                     
SPM Saint-Pierre-et-Miquelon                                                    
SRB Serbia                                                                      
STP Sao Tome-et-Principe                                                        
SUR Suriname                                                                    
SVK Slovaquie                                                                   
SVN Slovenie                                                                    
SWE Suede                                                                       
SWZ Swaziland                                                                   
SYC Seychelles                                                                  
SYR Syrienne, republique arabe                                                  
TCA Turks et Caiques, iles                                                      
TCD Tchad                                                                       
TGO Togo                                                                        
THA Thailande                                                                   
TJK Tadjikistan                                                                 
TKL Tokelau                                                                     
TKM Turkmenistan                                                                
TLS Timor-Leste                                                                 
TON Tonga                                                                       
TTO Trinite-et-Tobago                                                           
TUN Tunisie                                                                     
TUR Turquie                                                                     
TUV Tuvalu                                                                      
TWN Taiwan, Province de Chine                                                   
TZA Tanzanie, Republique-unie de                                                
UGA Ouganda                                                                     
UKR Ukraine                                                                     
UMI Iles mineures éloignées des Etats-Unis                                      
URY Uruguay                                                                     
USA Etats-Unis                                                                  
UZB Ouzbekistan                                                                 
VAT Saint-Siege                                    
VCT Saint Vincent et les Grenadines                                             
VEN Venezuela                                                                   
VGB Iles Vierges britanniques                                                   
VIR Iles Vierges des Etats-Unis                                                 
VNM Viet Nam                                                                    
VUT Vanuatu                                                                     
WLF Wallis et Futuna                                                            
WSM Samoa                                                                       
XXX Inconnu                                                                     
YEM Yemen                                                                       
YUG Yougoslavie                                                                 
ZAF Afrique du Sud                                                              
ZAR Zaire                                                                       
ZMB Zambia                                                                      
ZWE Zimbabwe                                                                    

